{
    "__comment": "Made with TheDestruc7i0n's advancements generator: https://advancements.thedestruc7i0n.ca",
    "display": {
        "title": {
            "text": "Cast a spell"
        },
        "description": {
            "text": "Use the Spell Caster to cast a spell on something"
        },
        "icon": {
            "item": "minecraft:paper",
            "nbt": "{Enchatments:[{id:\"minecraft:empty\"}]}"
        },
        "frame": "task",
        "show_toast": true,
        "announce_to_chat": true,
        "hidden": false
    },
    "criteria": {
        "castaspell": {
            "trigger": "minecraft:impossible"
        }
    },
    "parent": "nbtcrafter:time_for_magic"
}