{
    "__comment": "Made with TheDestruc7i0n's advancements generator: https://advancements.thedestruc7i0n.ca",
    "display": {
        "title": {
            "text": "Dark magic"
        },
        "description": {
            "text": "Buy a spell from a Cleric"
        },
        "icon": {
            "item": "minecraft:emerald"
        },
        "frame": "task",
        "show_toast": true,
        "announce_to_chat": true,
        "hidden": false
    },
    "criteria": {
        "tradeaspell": {
            "trigger": "minecraft:villager_trade",
            "conditions": {
                "item": {
                    "item": "minecraft:paper",
                    "nbt": "{SpellSource:1b}"
                },
                "villager": {
                    "type": "minecraft:villager",
                    "nbt": "{VillagerData:{profession:\"minecraft:cleric\"}}"
                }
            }
        }
    },
    "parent": "nbtcrafter:time_for_magic"
}