{
    "__comment": "Made with TheDestruc7i0n's advancements generator: https://advancements.thedestruc7i0n.ca",
    "display": {
        "title": {
            "text": "Time to fabricate"
        },
        "description": {
            "text": "Make a Fabricator"
        },
        "icon": {
            "item": "minecraft:bat_spawn_egg",
            "nbt": "{CustomModelData:1024}"
        },
        "frame": "task",
        "show_toast": true,
        "announce_to_chat": true,
        "hidden": false
    },
    "criteria": {
        "craftafabricator": {
            "trigger": "minecraft:impossible"
        }
    },
    "parent": "nbtcrafter:root"
}