{
    "type": "block",
    "pools": [
        {
            "rolls": 1,
            "entries": [
                {
                    "type": "item",
                    "name": "minecraft:paper",
                    "functions": [
                        {
                            "function": "set_count",
                            "count": 1
                        },
                        {
                            "function": "set_name",
                            "name": {
                                "translate": "item.nbtcrafter.spell"
                            }
                        },
                        {
                            "function": "set_lore",
                            "lore": [
                                {
                                    "text": ""
                                },
                                {
                                    "translate": "item.nbtcrafter.spell.lore"
                                }
                            ],
                            "replace": true
                        },
                        {
                            "function": "set_nbt",
                            "tag": "{Enchantments:[{id:\"nbtcrafter:spell\",lvl:1}],Spell:{},SpellSource:0b}"
                        }
                    ]
                }
            ]
        }
    ]
}