{
    "parent": "minecraft:item/template_spawn_egg",
    "overrides": [
        {
            "predicate": {
                "custom_model_data": 1024
            },
            "model": "item/fabricator"
        },
        {
            "predicate": {
                "custom_model_data": 1025
            },
            "model": "item/fabricator_display"
        },
        {
            "predicate": {
                "custom_model_data": 1026
            },
            "model": "item/spell_caster_display"
        },
        {
            "predicate": {
                "custom_model_data": 1027
            },
            "model": "item/spell_caster"
        }
    ]
}