{
	"credit": "Made with Blockbench",
	"textures": {
		"0": "block/fabricator_top",
		"1": "block/fabricator_side",
		"2": "block/fabricator_bottom",
		"particle": "block/fabricator_top"
	},
	"elements": [
		{
			"from": [0.1, 0.1, 0.1],
			"to": [16.3, 16.3, 16.3],
			"faces": {
				"north": {"uv": [0, 0, 16, 16], "texture": "#1"},
				"east": {"uv": [0, 0, 16, 16], "texture": "#1"},
				"south": {"uv": [0, 0, 16, 16], "texture": "#1"},
				"west": {"uv": [0, 0, 16, 16], "texture": "#1"},
				"up": {"uv": [0, 0, 16, 16], "texture": "#0"},
				"down": {"uv": [0, 0, 16, 16], "texture": "#2"}
			}
		},
		{
			"from": [3.1, 16, 3.1],
			"to": [13.1, 17, 13.1],
			"faces": {
				"north": {"uv": [3, 12, 13, 13], "texture": "#0"},
				"east": {"uv": [3, 12, 13, 13], "texture": "#0"},
				"south": {"uv": [3, 3, 13, 4], "texture": "#0"},
				"west": {"uv": [3, 3, 13, 4], "texture": "#0"},
				"up": {"uv": [3, 3, 13, 13], "texture": "#0"},
				"down": {"uv": [0, 0, 10, 10], "texture": "#missing"}
			}
		}
	],
	"display": {
		"thirdperson_righthand": {
			"rotation": [65, 45, 0],
			"translation": [0, 2, -1],
			"scale": [0.35, 0.35, 0.35]
		},
		"thirdperson_lefthand": {
			"rotation": [65, 45, 0],
			"translation": [0, 2, -1],
			"scale": [0.35, 0.35, 0.35]
		},
		"firstperson_righthand": {
			"rotation": [4, 45, 0],
			"translation": [-0.5, 0, 0],
			"scale": [0.4, 0.4, 0.4]
		},
		"firstperson_lefthand": {
			"rotation": [4, 45, 0],
			"translation": [-0.5, 0, 0],
			"scale": [0.4, 0.4, 0.4]
		},
		"ground": {
			"scale": [0.3, 0.3, 0.3]
		},
		"gui": {
			"rotation": [20, 50, 0],
			"scale": [0.6, 0.6, 0.6]
		},
		"fixed": {
			"scale": [0.5, 0.5, 0.5]
		}
	}
}