{
	"credit": "Made with Blockbench",
	"textures": {
		"0": "block/fabricator_top",
		"1": "block/fabricator_side",
		"2": "block/fabricator_bottom",
		"particle": "block/fabricator_top"
	},
	"elements": [
		{
			"from": [0.1, 0.1, 0.1],
			"to": [16.6, 16.6, 16.6],
			"faces": {
				"north": {"uv": [0, 0, 16, 16], "texture": "#1"},
				"east": {"uv": [0, 0, 16, 16], "texture": "#1"},
				"south": {"uv": [0, 0, 16, 16], "texture": "#1"},
				"west": {"uv": [0, 0, 16, 16], "texture": "#1"},
				"up": {"uv": [0, 0, 16, 16], "texture": "#0"},
				"down": {"uv": [0, 0, 16, 16], "texture": "#2"}
			}
		},
		{
			"from": [3.3, 16.5, 3.3],
			"to": [13.3, 17.5, 13.3],
			"faces": {
				"north": {"uv": [3, 3, 13, 4], "texture": "#0"},
				"east": {"uv": [3, 12, 13, 13], "texture": "#0"},
				"south": {"uv": [3, 12, 13, 13], "texture": "#0"},
				"west": {"uv": [3, 3, 13, 4], "texture": "#0"},
				"up": {"uv": [3, 3, 13, 13], "texture": "#0"},
				"down": {"uv": [0, 0, 10, 10], "texture": "#missing"}
			}
		}
	],
	"display": {
		"thirdperson_righthand": {
			"rotation": [90, 0, 0],
			"translation": [-6.25, -1.75, -8.5]
		}
	}
}