{
	"credit": "Made with Blockbench",
	"textures": {
		"0": "block/spell_caster_top",
		"1": "block/spell_caster_side",
		"2": "block/spell_caster_bottom",
		"particle": "block/spell_caster_top"
	},
	"elements": [
		{
			"from": [0.1, 0.1, 0.1],
			"to": [16.6, 16.6, 16.6],
			"faces": {
				"north": {"uv": [0, 0, 16, 16], "texture": "#1"},
				"east": {"uv": [0, 0, 16, 16], "texture": "#1"},
				"south": {"uv": [0, 0, 16, 16], "texture": "#1"},
				"west": {"uv": [0, 0, 16, 16], "texture": "#1"},
				"up": {"uv": [0, 0, 16, 16], "texture": "#0"},
				"down": {"uv": [0, 0, 16, 16], "texture": "#2"}
			}
		}
	],
	"display": {
		"thirdperson_righthand": {
			"rotation": [90, 0, 0],
			"translation": [-6.25, -1.75, -8.5]
		}
	}
}