{
    "__comment": "Made with TheDestruc7i0n's advancements generator: https://advancements.thedestruc7i0n.ca",
    "display": {
        "title": {
            "text": "Advanced Resources"
        },
        "description": {
            "text": "Start your journey to more advanced resources"
        },
        "icon": {
            "item": "minecraft:bat_spawn_egg",
            "nbt": "{CustomModelData:1024}"
        },
        "frame": "task",
        "show_toast": false,
        "announce_to_chat": false,
        "hidden": false,
        "background": "minecraft:textures/gui/advancements/backgrounds/stone.png"
    },
    "criteria": {
        "grantonload": {
            "trigger": "minecraft:impossible"
        }
    }
}