{
    "__comment": "Made with TheDestruc7i0n's advancements generator: https://advancements.thedestruc7i0n.ca",
    "display": {
        "title": {
            "text": "Time for some magic!"
        },
        "description": {
            "text": "Create a Spell Caster"
        },
        "icon": {
            "item": "minecraft:bat_spawn_egg",
            "nbt": "{CustomModelData:1027}"
        },
        "frame": "task",
        "show_toast": true,
        "announce_to_chat": true,
        "hidden": false
    },
    "criteria": {
        "craftaspellcaster": {
            "trigger": "minecraft:inventory_changed",
            "conditions": {
                "items": [
                    {
                        "item": "minecraft:bat_spawn_egg",
                        "nbt": "{CustomModelData:1027}"
                    }
                ]
            }
        }
    },
    "parent": "nbtcrafter:root"
}